<?xml version="1.0" encoding="UTF-8"?>

<Bundle xmlns="http://hl7.org/fhir">
  <id value="14543bdd-9cb8-45d2-9eee-413cf98035bc"/>
  <meta>
    <lastUpdated value="2022-06-17T08:54:28.224+00:00"/>
  </meta>
  <type value="collection"/>
  <entry>
    <fullUrl value="http://ohie.org/fhir/food-allergy/ImplementationGuide/ohie.fhir.food-allergy-national/ValueSet/FoodAllergyZZVS"/>
    <resource>
      <ValueSet>
        <id value="FoodAllergyZZVS"/>
        <text>
          <status value="generated"/>
          <div xmlns="http://www.w3.org/1999/xhtml">
            <p>This value set contains 10 concepts</p>
            <p style="border: black 1px dotted; background-color: #EEEEEE; padding: 8px; margin-bottom: 8px">Expansion based on SNOMED CT International edition 31-Mar 2022</p>
            <p>All codes in this table are from the system 
              <a href="http://hl7.org/fhir/R4/codesystem-snomedct.html">
                <code>http://snomed.info/sct</code>
              </a>
            </p>
            <table class="codes">
              <tr>
                <td style="white-space:nowrap">
                  <b>Code</b>
                </td>
                <td>
                  <b>Display</b>
                </td>
              </tr>
              <tr>
                <td style="white-space:nowrap">
                  <a name="http---snomed.info-sct-91934008"> </a>  
                  <a href="http://snomed.info/id/91934008">91934008</a>
                </td>
                <td>Allergy to nut</td>
              </tr>
              <tr>
                <td style="white-space:nowrap">
                  <a name="http---snomed.info-sct-782555009"> </a>  
                  <a href="http://snomed.info/id/782555009">782555009</a>
                </td>
                <td>Allergy to cow's milk protein</td>
              </tr>
              <tr>
                <td style="white-space:nowrap">
                  <a name="http---snomed.info-sct-213020009"> </a>  
                  <a href="http://snomed.info/id/213020009">213020009</a>
                </td>
                <td>Allergy to egg protein</td>
              </tr>
              <tr>
                <td style="white-space:nowrap">
                  <a name="http---snomed.info-sct-417532002"> </a>  
                  <a href="http://snomed.info/id/417532002">417532002</a>
                </td>
                <td>Allergy to fish</td>
              </tr>
              <tr>
                <td style="white-space:nowrap">
                  <a name="http---snomed.info-sct-300913006"> </a>  
                  <a href="http://snomed.info/id/300913006">300913006</a>
                </td>
                <td>Allergy to shellfish</td>
              </tr>
              <tr>
                <td style="white-space:nowrap">
                  <a name="http---snomed.info-sct-782594005"> </a>  
                  <a href="http://snomed.info/id/782594005">782594005</a>
                </td>
                <td>Allergy to soy protein</td>
              </tr>
              <tr>
                <td style="white-space:nowrap">
                  <a name="http---snomed.info-sct-21191000122102"> </a>  
                  <a href="http://snomed.info/id/21191000122102">21191000122102</a>
                </td>
                <td>Allergy to mustard</td>
              </tr>
              <tr>
                <td style="white-space:nowrap">
                  <a name="http---snomed.info-sct-712843002"> </a>  
                  <a href="http://snomed.info/id/712843002">712843002</a>
                </td>
                <td>Allergy to celery</td>
              </tr>
              <tr>
                <td style="white-space:nowrap">
                  <a name="http---snomed.info-sct-782575000"> </a>  
                  <a href="http://snomed.info/id/782575000">782575000</a>
                </td>
                <td>Allergy to lupine seed</td>
              </tr>
              <tr>
                <td style="white-space:nowrap">
                  <a name="http---snomed.info-sct-420174000"> </a>  
                  <a href="http://snomed.info/id/420174000">420174000</a>
                </td>
                <td>Allergy to wheat</td>
              </tr>
            </table>
          </div>
        </text>
        <url value="http://ohie.org/fhir/food-allergy/ImplementationGuide/ohie.fhir.food-allergy-national/ValueSet/FoodAllergyZZVS"/>
        <version value="1.0.0"/>
        <name value="FoodAllergyZZVS"/>
        <title value="Food Allergies"/>
        <status value="active"/>
        <date value="2022-06-17T08:54:28+00:00"/>
        <publisher value="My Organization"/>
        <contact>
          <name value="My Organization"/>
          <telecom>
            <system value="url"/>
            <value value="http://myorg.org/standards/wg"/>
          </telecom>
          <telecom>
            <system value="email"/>
            <value value="my-group@example.com"/>
          </telecom>
        </contact>
        <contact>
          <name value="Someone"/>
          <telecom>
            <system value="email"/>
            <value value="someone@example.com"/>
            <use value="work"/>
          </telecom>
        </contact>
        <description value="Main Food allergies."/>
        <jurisdiction>
          <coding>
            <system value="http://unstats.un.org/unsd/methods/m49/m49.htm"/>
            <code value="001"/>
            <display value="World"/>
          </coding>
        </jurisdiction>
        <expansion>
          <identifier value="urn:uuid:bb0e8e6d-646f-48ff-8e01-7a34282475f5"/>
          <timestamp value="2022-06-17T08:54:37+00:00"/>
          <total value="10"/>
          <parameter>
            <name value="excludeNested"/>
            <valueBoolean value="false"/>
          </parameter>
          <parameter>
            <name value="limitedExpansion"/>
            <valueBoolean value="true"/>
          </parameter>
          <parameter>
            <name value="version"/>
            <valueUri value="http://snomed.info/sct|http://snomed.info/sct/900000000000207008/version/20220331"/>
          </parameter>
          <contains>
            <system value="http://snomed.info/sct"/>
            <code value="91934008"/>
            <display value="Allergy to nut"/>
          </contains>
          <contains>
            <system value="http://snomed.info/sct"/>
            <code value="782555009"/>
            <display value="Allergy to cow's milk protein"/>
          </contains>
          <contains>
            <system value="http://snomed.info/sct"/>
            <code value="213020009"/>
            <display value="Allergy to egg protein"/>
          </contains>
          <contains>
            <system value="http://snomed.info/sct"/>
            <code value="417532002"/>
            <display value="Allergy to fish"/>
          </contains>
          <contains>
            <system value="http://snomed.info/sct"/>
            <code value="300913006"/>
            <display value="Allergy to shellfish"/>
          </contains>
          <contains>
            <system value="http://snomed.info/sct"/>
            <code value="782594005"/>
            <display value="Allergy to soy protein"/>
          </contains>
          <contains>
            <system value="http://snomed.info/sct"/>
            <code value="21191000122102"/>
            <display value="Allergy to mustard"/>
          </contains>
          <contains>
            <system value="http://snomed.info/sct"/>
            <code value="712843002"/>
            <display value="Allergy to celery"/>
          </contains>
          <contains>
            <system value="http://snomed.info/sct"/>
            <code value="782575000"/>
            <display value="Allergy to lupine seed"/>
          </contains>
          <contains>
            <system value="http://snomed.info/sct"/>
            <code value="420174000"/>
            <display value="Allergy to wheat"/>
          </contains>
        </expansion>
      </ValueSet>
    </resource>
  </entry>
</Bundle>