<?xml version="1.0" encoding="UTF-8"?>

<ValueSet xmlns="http://hl7.org/fhir">
  <id value="FoodAllergyZZVS"/>
  <text>
    <status value="generated"/><div xmlns="http://www.w3.org/1999/xhtml"><ul><li>Include these codes as defined in <a href="http://www.snomed.org/"><code>http://snomed.info/sct</code></a><table class="none"><tr><td style="white-space:nowrap"><b>Code</b></td><td><b>Display</b></td></tr><tr><td><a href="http://snomed.info/id/91934008">91934008</a></td><td>Allergy to nut</td></tr><tr><td><a href="http://snomed.info/id/782555009">782555009</a></td><td>Allergy to cow's milk protein</td></tr><tr><td><a href="http://snomed.info/id/213020009">213020009</a></td><td>Allergy to egg protein</td></tr><tr><td><a href="http://snomed.info/id/417532002">417532002</a></td><td>Allergy to fish</td></tr><tr><td><a href="http://snomed.info/id/300913006">300913006</a></td><td>Allergy to shellfish</td></tr><tr><td><a href="http://snomed.info/id/782594005">782594005</a></td><td>Allergy to soy protein</td></tr><tr><td><a href="http://snomed.info/id/21191000122102">21191000122102</a></td><td>Allergy to mustard</td></tr><tr><td><a href="http://snomed.info/id/712843002">712843002</a></td><td>Allergy to celery</td></tr><tr><td><a href="http://snomed.info/id/782575000">782575000</a></td><td>Allergy to lupine seed</td></tr><tr><td><a href="http://snomed.info/id/420174000">420174000</a></td><td>Allergy to wheat</td></tr></table></li></ul></div>
  </text>
  <url value="http://ohie.org/fhir/food-allergy/ImplementationGuide/ohie.fhir.food-allergy-national/ValueSet/FoodAllergyZZVS"/>
  <version value="1.0.0"/>
  <name value="FoodAllergyZZVS"/>
  <title value="Food Allergies"/>
  <status value="active"/>
  <date value="2022-06-17T08:54:28+00:00"/>
  <publisher value="My Organization"/>
  <contact>
    <name value="My Organization"/>
    <telecom>
      <system value="url"/>
      <value value="http://myorg.org/standards/wg"/>
    </telecom>
    <telecom>
      <system value="email"/>
      <value value="my-group@example.com"/>
    </telecom>
  </contact>
  <contact>
    <name value="Someone"/>
    <telecom>
      <system value="email"/>
      <value value="someone@example.com"/>
      <use value="work"/>
    </telecom>
  </contact>
  <description value="Main Food allergies."/>
  <jurisdiction>
    <coding>
      <system value="http://unstats.un.org/unsd/methods/m49/m49.htm"/>
      <code value="001"/>
      <display value="World"/>
    </coding>
  </jurisdiction>
  <compose>
    <include>
      <system value="http://snomed.info/sct"/>
      <concept>
        <code value="91934008"/>
        <display value="Allergy to nut"/>
      </concept>
      <concept>
        <code value="782555009"/>
        <display value="Allergy to cow's milk protein"/>
      </concept>
      <concept>
        <code value="213020009"/>
        <display value="Allergy to egg protein"/>
      </concept>
      <concept>
        <code value="417532002"/>
        <display value="Allergy to fish"/>
      </concept>
      <concept>
        <code value="300913006"/>
        <display value="Allergy to shellfish"/>
      </concept>
      <concept>
        <code value="782594005"/>
        <display value="Allergy to soy protein"/>
      </concept>
      <concept>
        <code value="21191000122102"/>
        <display value="Allergy to mustard"/>
      </concept>
      <concept>
        <code value="712843002"/>
        <display value="Allergy to celery"/>
      </concept>
      <concept>
        <code value="782575000"/>
        <display value="Allergy to lupine seed"/>
      </concept>
      <concept>
        <code value="420174000"/>
        <display value="Allergy to wheat"/>
      </concept>
    </include>
  </compose>
</ValueSet>